{"v":"5.8.1","fr":29.9700012207031,"ip":0,"op":210.000008553475,"w":1920,"h":1080,"nm":"Comp 1","ddd":0,"assets":[{"id":"image_0","w":525,"h":170,"u":"images/","p":"img_0.png","e":0},{"id":"image_1","w":143,"h":138,"u":"images/","p":"img_1.png","e":0},{"id":"image_2","w":837,"h":301,"u":"images/","p":"img_2.png","e":0},{"id":"image_3","w":306,"h":243,"u":"images/","p":"img_3.png","e":0},{"id":"comp_0","nm":"Dots","fr":29.9700012207031,"layers":[{"ddd":0,"ind":1,"ty":2,"nm":"Dots 2","refId":"image_0","sr":1,"ks":{"o":{"a":1,"k":[{"i":{"x":[0.833],"y":[0.833]},"o":{"x":[0.167],"y":[0.167]},"t":20,"s":[0]},{"t":35.0000014255792,"s":[100]}],"ix":11},"r":{"a":0,"k":0,"ix":10},"p":{"a":0,"k":[1003.978,452.75,0],"ix":2,"l":2},"a":{"a":0,"k":[14.022,97.479,0],"ix":1,"l":2},"s":{"a":0,"k":[100,100,100],"ix":6,"l":2}},"ao":0,"hasMask":true,"masksProperties":[{"inv":false,"mode":"a","pt":{"a":0,"k":{"i":[[9.803,0],[0,-11.46],[-9.803,0],[0,11.46]],"o":[[-9.803,0],[0,11.46],[9.803,0],[0,-11.46]],"v":[[10.293,76.729],[-7.457,97.479],[10.293,118.229],[28.043,97.479]],"c":true},"ix":1},"o":{"a":0,"k":100,"ix":3},"x":{"a":0,"k":0,"ix":4},"nm":"Mask 1"}],"ip":20.0000008146167,"op":260.000010590017,"st":20.0000008146167,"bm":0},{"ddd":0,"ind":2,"ty":2,"nm":"Dots 3","refId":"image_0","sr":1,"ks":{"o":{"a":1,"k":[{"i":{"x":[0.833],"y":[0.833]},"o":{"x":[0.167],"y":[0.167]},"t":18.889,"s":[0]},{"t":33.8887513803171,"s":[100]}],"ix":11},"r":{"a":0,"k":0,"ix":10},"p":{"a":0,"k":[1024.25,423.75,0],"ix":2,"l":2},"a":{"a":0,"k":[34.293,68.479,0],"ix":1,"l":2},"s":{"a":0,"k":[100,100,100],"ix":6,"l":2}},"ao":0,"hasMask":true,"masksProperties":[{"inv":false,"mode":"a","pt":{"a":0,"k":{"i":[[10.079,0],[0,-10.355],[-10.079,0],[0,10.355]],"o":[[-10.079,0],[0,10.355],[10.079,0],[0,-10.355]],"v":[[34.293,49.729],[16.043,68.479],[34.293,87.229],[52.543,68.479]],"c":true},"ix":1},"o":{"a":0,"k":100,"ix":3},"x":{"a":0,"k":0,"ix":4},"nm":"Mask 1"}],"ip":18.8887507693546,"op":258.888760544755,"st":18.8887507693546,"bm":0},{"ddd":0,"ind":3,"ty":2,"nm":"Dots 4","refId":"image_0","sr":1,"ks":{"o":{"a":1,"k":[{"i":{"x":[0.833],"y":[0.833]},"o":{"x":[0.167],"y":[0.167]},"t":17.778,"s":[0]},{"t":32.7775013350549,"s":[100]}],"ix":11},"r":{"a":0,"k":0,"ix":10},"p":{"a":0,"k":[1051.5,397.75,0],"ix":2,"l":2},"a":{"a":0,"k":[61.543,42.479,0],"ix":1,"l":2},"s":{"a":0,"k":[100,100,100],"ix":6,"l":2}},"ao":0,"hasMask":true,"masksProperties":[{"inv":false,"mode":"a","pt":{"a":0,"k":{"i":[[9.113,0],[0,-8.975],[-9.113,0],[0,8.975]],"o":[[-9.113,0],[0,8.975],[9.113,0],[0,-8.975]],"v":[[61.543,26.229],[45.043,42.479],[61.543,58.729],[78.043,42.479]],"c":true},"ix":1},"o":{"a":0,"k":100,"ix":3},"x":{"a":0,"k":0,"ix":4},"nm":"Mask 1"}],"ip":17.7775007240924,"op":257.777510499493,"st":17.7775007240924,"bm":0},{"ddd":0,"ind":4,"ty":2,"nm":"Dots 5","refId":"image_0","sr":1,"ks":{"o":{"a":1,"k":[{"i":{"x":[0.833],"y":[0.833]},"o":{"x":[0.167],"y":[0.167]},"t":16.666,"s":[0]},{"t":31.6662512897928,"s":[100]}],"ix":11},"r":{"a":0,"k":0,"ix":10},"p":{"a":0,"k":[1082,375.75,0],"ix":2,"l":2},"a":{"a":0,"k":[92.043,20.479,0],"ix":1,"l":2},"s":{"a":0,"k":[100,100,100],"ix":6,"l":2}},"ao":0,"hasMask":true,"masksProperties":[{"inv":false,"mode":"a","pt":{"a":0,"k":{"i":[[8.56,0],[0,-10.079],[-8.56,0],[0,10.079]],"o":[[-8.56,0],[0,10.079],[8.56,0],[0,-10.079]],"v":[[92.043,2.229],[76.543,20.479],[92.043,38.729],[107.543,20.479]],"c":true},"ix":1},"o":{"a":0,"k":100,"ix":3},"x":{"a":0,"k":0,"ix":4},"nm":"Mask 1"}],"ip":16.6662506788303,"op":256.666260454231,"st":16.6662506788303,"bm":0},{"ddd":0,"ind":5,"ty":2,"nm":"Dots 6","refId":"image_0","sr":1,"ks":{"o":{"a":1,"k":[{"i":{"x":[0.833],"y":[0.833]},"o":{"x":[0.167],"y":[0.167]},"t":15.555,"s":[0]},{"t":30.5550012445307,"s":[100]}],"ix":11},"r":{"a":0,"k":0,"ix":10},"p":{"a":0,"k":[1118.75,367.135,0],"ix":2,"l":2},"a":{"a":0,"k":[128.793,11.865,0],"ix":1,"l":2},"s":{"a":0,"k":[100,100,100],"ix":6,"l":2}},"ao":0,"hasMask":true,"masksProperties":[{"inv":false,"mode":"a","pt":{"a":0,"k":{"i":[[8.422,0],[0,-8.837],[-8.422,0],[0,8.837]],"o":[[-8.422,0],[0,8.837],[8.422,0],[0,-8.837]],"v":[[128.793,-8.271],[113.543,7.729],[128.793,23.729],[144.043,7.729]],"c":true},"ix":1},"o":{"a":0,"k":100,"ix":3},"x":{"a":0,"k":0,"ix":4},"nm":"Mask 1"}],"ip":15.5550006335681,"op":255.555010408969,"st":15.5550006335681,"bm":0},{"ddd":0,"ind":6,"ty":2,"nm":"Dots 7","refId":"image_0","sr":1,"ks":{"o":{"a":1,"k":[{"i":{"x":[0.833],"y":[0.833]},"o":{"x":[0.167],"y":[0.167]},"t":14.445,"s":[0]},{"t":29.4450011993194,"s":[100]}],"ix":11},"r":{"a":0,"k":0,"ix":10},"p":{"a":0,"k":[1156.5,367.885,0],"ix":2,"l":2},"a":{"a":0,"k":[166.543,12.615,0],"ix":1,"l":2},"s":{"a":0,"k":[100,100,100],"ix":6,"l":2}},"ao":0,"hasMask":true,"masksProperties":[{"inv":false,"mode":"a","pt":{"a":0,"k":{"i":[[8.837,0],[0,-9.113],[-8.837,0],[0,9.113]],"o":[[-8.837,0],[0,9.113],[8.837,0],[0,-9.113]],"v":[[166.543,-7.771],[150.543,8.729],[166.543,25.229],[182.543,8.729]],"c":true},"ix":1},"o":{"a":0,"k":100,"ix":3},"x":{"a":0,"k":0,"ix":4},"nm":"Mask 1"}],"ip":14.4450005883569,"op":254.445010363757,"st":14.4450005883569,"bm":0},{"ddd":0,"ind":7,"ty":2,"nm":"Dots 8","refId":"image_0","sr":1,"ks":{"o":{"a":1,"k":[{"i":{"x":[0.833],"y":[0.833]},"o":{"x":[0.167],"y":[0.167]},"t":13.334,"s":[0]},{"t":28.3337511540573,"s":[100]}],"ix":11},"r":{"a":0,"k":0,"ix":10},"p":{"a":0,"k":[1191.75,375.75,0],"ix":2,"l":2},"a":{"a":0,"k":[201.793,20.479,0],"ix":1,"l":2},"s":{"a":0,"k":[100,100,100],"ix":6,"l":2}},"ao":0,"hasMask":true,"masksProperties":[{"inv":false,"mode":"a","pt":{"a":0,"k":{"i":[[8.146,0],[0,-10.355],[-8.146,0],[0,10.355]],"o":[[-8.146,0],[0,10.355],[8.146,0],[0,-10.355]],"v":[[201.793,1.729],[187.043,20.479],[201.793,39.229],[216.543,20.479]],"c":true},"ix":1},"o":{"a":0,"k":100,"ix":3},"x":{"a":0,"k":0,"ix":4},"nm":"Mask 1"}],"ip":13.3337505430948,"op":253.333760318495,"st":13.3337505430948,"bm":0},{"ddd":0,"ind":8,"ty":2,"nm":"Dots 9","refId":"image_0","sr":1,"ks":{"o":{"a":1,"k":[{"i":{"x":[0.833],"y":[0.833]},"o":{"x":[0.167],"y":[0.167]},"t":12.223,"s":[0]},{"t":27.2225011087952,"s":[100]}],"ix":11},"r":{"a":0,"k":0,"ix":10},"p":{"a":0,"k":[1221.75,397.25,0],"ix":2,"l":2},"a":{"a":0,"k":[231.793,41.979,0],"ix":1,"l":2},"s":{"a":0,"k":[100,100,100],"ix":6,"l":2}},"ao":0,"hasMask":true,"masksProperties":[{"inv":false,"mode":"a","pt":{"a":0,"k":{"i":[[7.318,0],[0,-8.975],[-7.318,0],[0,8.975]],"o":[[-7.318,0],[0,8.975],[7.318,0],[0,-8.975]],"v":[[231.793,25.729],[218.543,41.979],[231.793,58.229],[245.043,41.979]],"c":true},"ix":1},"o":{"a":0,"k":100,"ix":3},"x":{"a":0,"k":0,"ix":4},"nm":"Mask 1"}],"ip":12.2225004978326,"op":252.222510273233,"st":12.2225004978326,"bm":0},{"ddd":0,"ind":9,"ty":2,"nm":"Dots 10","refId":"image_0","sr":1,"ks":{"o":{"a":1,"k":[{"i":{"x":[0.833],"y":[0.833]},"o":{"x":[0.167],"y":[0.167]},"t":11.111,"s":[0]},{"t":26.111251063533,"s":[100]}],"ix":11},"r":{"a":0,"k":0,"ix":10},"p":{"a":0,"k":[1247.25,425.25,0],"ix":2,"l":2},"a":{"a":0,"k":[257.293,69.979,0],"ix":1,"l":2},"s":{"a":0,"k":[100,100,100],"ix":6,"l":2}},"ao":0,"hasMask":true,"masksProperties":[{"inv":false,"mode":"a","pt":{"a":0,"k":{"i":[[8.146,0],[0,-9.803],[-8.146,0],[0,9.803]],"o":[[-8.146,0],[0,9.803],[8.146,0],[0,-9.803]],"v":[[257.293,52.229],[242.543,69.979],[257.293,87.729],[272.043,69.979]],"c":true},"ix":1},"o":{"a":0,"k":100,"ix":3},"x":{"a":0,"k":0,"ix":4},"nm":"Mask 1"}],"ip":11.1112504525705,"op":251.111260227971,"st":11.1112504525705,"bm":0},{"ddd":0,"ind":10,"ty":2,"nm":"Dots 11","refId":"image_0","sr":1,"ks":{"o":{"a":1,"k":[{"i":{"x":[0.833],"y":[0.833]},"o":{"x":[0.167],"y":[0.167]},"t":10,"s":[0]},{"t":25.0000010182709,"s":[100]}],"ix":11},"r":{"a":0,"k":0,"ix":10},"p":{"a":0,"k":[1268,458,0],"ix":2,"l":2},"a":{"a":0,"k":[278.043,102.729,0],"ix":1,"l":2},"s":{"a":0,"k":[100,100,100],"ix":6,"l":2}},"ao":0,"hasMask":true,"masksProperties":[{"inv":false,"mode":"a","pt":{"a":0,"k":{"i":[[8.008,0],[0,-9.665],[-8.008,0],[0,9.665]],"o":[[-8.008,0],[0,9.665],[8.008,0],[0,-9.665]],"v":[[278.043,85.229],[263.543,102.729],[278.043,120.229],[292.543,102.729]],"c":true},"ix":1},"o":{"a":0,"k":100,"ix":3},"x":{"a":0,"k":0,"ix":4},"nm":"Mask 1"}],"ip":10.0000004073083,"op":250.000010182709,"st":10.0000004073083,"bm":0},{"ddd":0,"ind":11,"ty":2,"nm":"Dots 12","refId":"image_0","sr":1,"ks":{"o":{"a":1,"k":[{"i":{"x":[0.833],"y":[0.833]},"o":{"x":[0.167],"y":[0.167]},"t":8.889,"s":[0]},{"t":23.8887509730087,"s":[100]}],"ix":11},"r":{"a":0,"k":0,"ix":10},"p":{"a":0,"k":[1284.75,490.5,0],"ix":2,"l":2},"a":{"a":0,"k":[294.793,135.229,0],"ix":1,"l":2},"s":{"a":0,"k":[100,100,100],"ix":6,"l":2}},"ao":0,"hasMask":true,"masksProperties":[{"inv":false,"mode":"a","pt":{"a":0,"k":{"i":[[8.422,0],[0,-9.389],[-8.422,0],[0,9.389]],"o":[[-8.422,0],[0,9.389],[8.422,0],[0,-9.389]],"v":[[294.793,118.229],[279.543,135.229],[294.793,152.229],[310.043,135.229]],"c":true},"ix":1},"o":{"a":0,"k":100,"ix":3},"x":{"a":0,"k":0,"ix":4},"nm":"Mask 1"}],"ip":8.88875036204621,"op":248.888760137447,"st":8.88875036204621,"bm":0},{"ddd":0,"ind":12,"ty":2,"nm":"Dots 13","refId":"image_0","sr":1,"ks":{"o":{"a":1,"k":[{"i":{"x":[0.833],"y":[0.833]},"o":{"x":[0.167],"y":[0.167]},"t":7.778,"s":[0]},{"t":22.7775009277466,"s":[100]}],"ix":11},"r":{"a":0,"k":0,"ix":10},"p":{"a":0,"k":[1310,468.25,0],"ix":2,"l":2},"a":{"a":0,"k":[320.043,112.979,0],"ix":1,"l":2},"s":{"a":0,"k":[100,100,100],"ix":6,"l":2}},"ao":0,"hasMask":true,"masksProperties":[{"inv":false,"mode":"a","pt":{"a":0,"k":{"i":[[8.837,0],[0,-9.251],[-8.837,0],[0,9.251]],"o":[[-8.837,0],[0,9.251],[8.837,0],[0,-9.251]],"v":[[320.043,96.229],[304.043,112.979],[320.043,129.729],[336.043,112.979]],"c":true},"ix":1},"o":{"a":0,"k":100,"ix":3},"x":{"a":0,"k":0,"ix":4},"nm":"Mask 1"}],"ip":7.77750031678407,"op":247.777510092184,"st":7.77750031678407,"bm":0},{"ddd":0,"ind":13,"ty":2,"nm":"Dots 14","refId":"image_0","sr":1,"ks":{"o":{"a":1,"k":[{"i":{"x":[0.833],"y":[0.833]},"o":{"x":[0.167],"y":[0.167]},"t":6.666,"s":[0]},{"t":21.6662508824845,"s":[100]}],"ix":11},"r":{"a":0,"k":0,"ix":10},"p":{"a":0,"k":[1336.25,443.25,0],"ix":2,"l":2},"a":{"a":0,"k":[346.293,87.979,0],"ix":1,"l":2},"s":{"a":0,"k":[100,100,100],"ix":6,"l":2}},"ao":0,"hasMask":true,"masksProperties":[{"inv":false,"mode":"a","pt":{"a":0,"k":{"i":[[9.527,0],[0,-10.908],[-9.527,0],[0,10.908]],"o":[[-9.527,0],[0,10.908],[9.527,0],[0,-10.908]],"v":[[346.293,68.229],[329.043,87.979],[346.293,107.729],[363.543,87.979]],"c":true},"ix":1},"o":{"a":0,"k":100,"ix":3},"x":{"a":0,"k":0,"ix":4},"nm":"Mask 1"}],"ip":6.66625027152193,"op":246.666260046922,"st":6.66625027152193,"bm":0},{"ddd":0,"ind":14,"ty":2,"nm":"Dots 15","refId":"image_0","sr":1,"ks":{"o":{"a":1,"k":[{"i":{"x":[0.833],"y":[0.833]},"o":{"x":[0.167],"y":[0.167]},"t":5.555,"s":[0]},{"t":20.5550008372223,"s":[100]}],"ix":11},"r":{"a":0,"k":0,"ix":10},"p":{"a":0,"k":[1368.75,422.5,0],"ix":2,"l":2},"a":{"a":0,"k":[378.793,67.229,0],"ix":1,"l":2},"s":{"a":0,"k":[100,100,100],"ix":6,"l":2}},"ao":0,"hasMask":true,"masksProperties":[{"inv":false,"mode":"a","pt":{"a":0,"k":{"i":[[9.251,0],[0,-8.284],[-9.251,0],[0,8.284]],"o":[[-9.251,0],[0,8.284],[9.251,0],[0,-8.284]],"v":[[378.793,52.229],[362.043,67.229],[378.793,82.229],[395.543,67.229]],"c":true},"ix":1},"o":{"a":0,"k":100,"ix":3},"x":{"a":0,"k":0,"ix":4},"nm":"Mask 1"}],"ip":5.55500022625979,"op":245.55501000166,"st":5.55500022625979,"bm":0},{"ddd":0,"ind":15,"ty":2,"nm":"Dots 16","refId":"image_0","sr":1,"ks":{"o":{"a":1,"k":[{"i":{"x":[0.833],"y":[0.833]},"o":{"x":[0.167],"y":[0.167]},"t":4.445,"s":[0]},{"t":19.4450007920111,"s":[100]}],"ix":11},"r":{"a":0,"k":0,"ix":10},"p":{"a":0,"k":[1404.75,411.25,0],"ix":2,"l":2},"a":{"a":0,"k":[414.793,55.979,0],"ix":1,"l":2},"s":{"a":0,"k":[100,100,100],"ix":6,"l":2}},"ao":0,"hasMask":true,"masksProperties":[{"inv":false,"mode":"a","pt":{"a":0,"k":{"i":[[9.251,0],[0,-8.975],[-9.251,0],[0,8.975]],"o":[[-9.251,0],[0,8.975],[9.251,0],[0,-8.975]],"v":[[414.793,39.729],[398.043,55.979],[414.793,72.229],[431.543,55.979]],"c":true},"ix":1},"o":{"a":0,"k":100,"ix":3},"x":{"a":0,"k":0,"ix":4},"nm":"Mask 1"}],"ip":4.44500018104856,"op":244.445009956449,"st":4.44500018104856,"bm":0},{"ddd":0,"ind":16,"ty":2,"nm":"Dots 17","refId":"image_0","sr":1,"ks":{"o":{"a":1,"k":[{"i":{"x":[0.833],"y":[0.833]},"o":{"x":[0.167],"y":[0.167]},"t":3.334,"s":[0]},{"t":18.3337507467489,"s":[100]}],"ix":11},"r":{"a":0,"k":0,"ix":10},"p":{"a":0,"k":[1439.75,422.5,0],"ix":2,"l":2},"a":{"a":0,"k":[449.793,67.229,0],"ix":1,"l":2},"s":{"a":0,"k":[100,100,100],"ix":6,"l":2}},"ao":0,"hasMask":true,"masksProperties":[{"inv":false,"mode":"a","pt":{"a":0,"k":{"i":[[8.975,0],[0,-9.113],[-8.975,0],[0,9.113]],"o":[[-8.975,0],[0,9.113],[8.975,0],[0,-9.113]],"v":[[449.793,50.729],[433.543,67.229],[449.793,83.729],[466.043,67.229]],"c":true},"ix":1},"o":{"a":0,"k":100,"ix":3},"x":{"a":0,"k":0,"ix":4},"nm":"Mask 1"}],"ip":3.33375013578642,"op":243.333759911187,"st":3.33375013578642,"bm":0},{"ddd":0,"ind":17,"ty":2,"nm":"Dots 18","refId":"image_0","sr":1,"ks":{"o":{"a":1,"k":[{"i":{"x":[0.833],"y":[0.833]},"o":{"x":[0.167],"y":[0.167]},"t":2.223,"s":[0]},{"t":17.2225007014868,"s":[100]}],"ix":11},"r":{"a":0,"k":0,"ix":10},"p":{"a":0,"k":[1466.75,448,0],"ix":2,"l":2},"a":{"a":0,"k":[476.793,92.729,0],"ix":1,"l":2},"s":{"a":0,"k":[100,100,100],"ix":6,"l":2}},"ao":0,"hasMask":true,"masksProperties":[{"inv":false,"mode":"a","pt":{"a":0,"k":{"i":[[7.87,0],[0,-9.941],[-7.87,0],[0,9.941]],"o":[[-7.87,0],[0,9.941],[7.87,0],[0,-9.941]],"v":[[476.793,74.729],[462.543,92.729],[476.793,110.729],[491.043,92.729]],"c":true},"ix":1},"o":{"a":0,"k":100,"ix":3},"x":{"a":0,"k":0,"ix":4},"nm":"Mask 1"}],"ip":2.22250009052428,"op":242.222509865925,"st":2.22250009052428,"bm":0},{"ddd":0,"ind":18,"ty":2,"nm":"Dots 19","refId":"image_0","sr":1,"ks":{"o":{"a":1,"k":[{"i":{"x":[0.833],"y":[0.833]},"o":{"x":[0.167],"y":[0.167]},"t":1.111,"s":[0]},{"t":16.1112506562247,"s":[100]}],"ix":11},"r":{"a":0,"k":0,"ix":10},"p":{"a":0,"k":[1488.75,479.75,0],"ix":2,"l":2},"a":{"a":0,"k":[498.793,124.479,0],"ix":1,"l":2},"s":{"a":0,"k":[100,100,100],"ix":6,"l":2}},"ao":0,"hasMask":true,"masksProperties":[{"inv":false,"mode":"a","pt":{"a":0,"k":{"i":[[8.975,0],[0,-10.079],[-8.975,0],[0,10.079]],"o":[[-8.975,0],[0,10.079],[8.975,0],[0,-10.079]],"v":[[498.793,106.229],[482.543,124.479],[498.793,142.729],[515.043,124.479]],"c":true},"ix":1},"o":{"a":0,"k":100,"ix":3},"x":{"a":0,"k":0,"ix":4},"nm":"Mask 1"}],"ip":1.11125004526214,"op":241.111259820663,"st":1.11125004526214,"bm":0},{"ddd":0,"ind":19,"ty":2,"nm":"Dots","refId":"image_0","sr":1,"ks":{"o":{"a":1,"k":[{"i":{"x":[0.833],"y":[0.833]},"o":{"x":[0.167],"y":[0.167]},"t":0,"s":[0]},{"t":15.0000006109625,"s":[100]}],"ix":11},"r":{"a":0,"k":0,"ix":10},"p":{"a":0,"k":[1502.728,510.26,0],"ix":2,"l":2},"a":{"a":0,"k":[512.771,154.99,0],"ix":1,"l":2},"s":{"a":0,"k":[100,100,100],"ix":6,"l":2}},"ao":0,"hasMask":true,"masksProperties":[{"inv":false,"mode":"a","pt":{"a":0,"k":{"i":[[8.837,0],[0,-10.493],[-8.837,0],[0,10.493]],"o":[[-8.837,0],[0,10.493],[8.837,0],[0,-10.493]],"v":[[516.543,139.979],[500.543,158.979],[516.543,177.979],[532.543,158.979]],"c":true},"ix":1},"o":{"a":0,"k":100,"ix":3},"x":{"a":0,"k":0,"ix":4},"nm":"Mask 1"}],"ip":0,"op":240.0000097754,"st":0,"bm":0}]},{"id":"comp_1","nm":"O","fr":29.9700012207031,"layers":[{"ddd":0,"ind":4,"ty":2,"nm":"O 2","refId":"image_1","sr":1,"ks":{"o":{"a":0,"k":100,"ix":11},"r":{"a":0,"k":0,"ix":10},"p":{"a":1,"k":[{"i":{"x":0.599,"y":1},"o":{"x":1,"y":0},"t":0,"s":[1820.718,-95.072,0],"to":[-211,13,0],"ti":[88,-158.667,0]},{"i":{"x":0.833,"y":0.833},"o":{"x":0.333,"y":0},"t":16,"s":[1502.718,447.928,0],"to":[-86,-75.333,0],"ti":[44.706,-75.989,0]},{"i":{"x":0.833,"y":0.833},"o":{"x":0.167,"y":0.167},"t":27,"s":[1284.718,496.928,0],"to":[-26.749,-196.462,0],"ti":[46,-238.333,0]},{"t":38.0000015477717,"s":[945.718,553.928,0]}],"ix":2,"l":2,"x":"var $bm_rt;\nvar disableBounce, eVar, gVar, nMaxVar;\ntry {\n    disableBounce = effect('Bounce')('Disable Bounce').value;\n    eVar = $bm_div(effect('Bounce')('Elasticity').value, 100);\n    gVar = $bm_mul(effect('Bounce')('Gravity').value, 100);\n    nMaxVar = effect('Bounce')('nMax').value;\n    function bounce(e, g, nMax) {\n        var n, t, v, vl, vu, tCur, segDur, tNext, nb, delta;\n        n = 0;\n        if (numKeys > 0) {\n            n = nearestKey(time).index;\n            if (key(n).time > time)\n                n--;\n        }\n        if (n > 0) {\n            t = $bm_sub(time, key(n).time);\n            v = $bm_mul($bm_neg(velocityAtTime($bm_sub(key(n).time, 0.001))), e);\n            vl = length(v);\n            if ($bm_isInstanceOfArray(value)) {\n                vu = vl > 0 ? normalize(v) : [\n                    0,\n                    0,\n                    0\n                ];\n            } else {\n                vu = v < 0 ? -1 : 1;\n            }\n            tCur = 0;\n            segDur = $bm_div($bm_mul(2, vl), g);\n            tNext = segDur;\n            nb = 1;\n            while (tNext < t && nb <= nMax) {\n                vl *= e;\n                segDur *= e;\n                tCur = tNext;\n                tNext = $bm_sum(tNext, segDur);\n                nb++;\n            }\n            if (nb <= nMax) {\n                delta = $bm_sub(t, tCur);\n                return $bm_sum(value, $bm_mul($bm_mul(vu, delta), $bm_sub(vl, $bm_div($bm_mul(g, delta), 2))));\n            } else {\n                return value;\n            }\n        } else {\n            return value;\n        }\n    }\n    ;\n    $bm_rt = [\n        bounce = bounce(eVar, gVar, nMaxVar),\n        value\n    ][disableBounce];\n} catch (err) {\n    $bm_rt = value;\n}\n;"},"a":{"a":0,"k":[71.141,68.533,0],"ix":1,"l":2},"s":{"a":1,"k":[{"i":{"x":[0.833,0.833,0.833],"y":[0.833,0.833,0.833]},"o":{"x":[0.167,0.167,0.167],"y":[0.167,0.167,0.167]},"t":0,"s":[130,130,100]},{"t":38.0000015477717,"s":[100,100,100]}],"ix":6,"l":2}},"ao":0,"ef":[{"ty":5,"nm":"Bounce","np":10,"mn":"Pseudo/SB_Bounce_1.0","ix":1,"en":1,"ef":[{"ty":7,"nm":"Disable Bounce","mn":"Pseudo/SB_Bounce_1.0-0001","ix":1,"v":{"a":0,"k":0,"ix":1}},{"ty":0,"nm":"Elasticity","mn":"Pseudo/SB_Bounce_1.0-0002","ix":2,"v":{"a":0,"k":50,"ix":2}},{"ty":0,"nm":"Gravity","mn":"Pseudo/SB_Bounce_1.0-0003","ix":3,"v":{"a":0,"k":50,"ix":3}},{"ty":0,"nm":"nMax","mn":"Pseudo/SB_Bounce_1.0-0004","ix":4,"v":{"a":0,"k":10,"ix":4}},{"ty":6,"nm":"Smart Bounce 1.0","mn":"Pseudo/SB_Bounce_1.0-0005","ix":5,"v":0},{"ty":6,"nm":"Bounce","mn":"Pseudo/SB_Bounce_1.0-0006","ix":6,"v":0},{"ty":6,"nm":"©2021 Ukramedia","mn":"Pseudo/SB_Bounce_1.0-0007","ix":7,"v":0},{"ty":6,"nm":"Bounce","mn":"Pseudo/SB_Bounce_1.0-0008","ix":8,"v":0}]}],"ip":0,"op":240.0000097754,"st":0,"bm":0}]},{"id":"comp_2","nm":"hopper","fr":29.9700012207031,"layers":[{"ddd":0,"ind":1,"ty":2,"nm":"hopper 2","refId":"image_2","sr":1,"ks":{"o":{"a":1,"k":[{"i":{"x":[0.833],"y":[0.833]},"o":{"x":[0.167],"y":[0.167]},"t":0,"s":[0]},{"t":6.00000024438501,"s":[100]}],"ix":11},"r":{"a":1,"k":[{"i":{"x":[0],"y":[1]},"o":{"x":[0.333],"y":[0]},"t":0,"s":[38]},{"t":20.0000008146167,"s":[0]}],"ix":10},"p":{"a":1,"k":[{"i":{"x":0,"y":1},"o":{"x":0.333,"y":0},"t":0,"s":[881.665,551.066,0],"to":[-12.667,0,0],"ti":[12.667,0,0]},{"t":20.0000008146167,"s":[805.665,551.066,0]}],"ix":2,"l":2},"a":{"a":0,"k":[68.335,126.934,0],"ix":1,"l":2},"s":{"a":1,"k":[{"i":{"x":[0,0,0.667],"y":[1,1,1]},"o":{"x":[0.333,0.333,0.333],"y":[0,0,0]},"t":0,"s":[130,130,100]},{"t":20.0000008146167,"s":[100,100,100]}],"ix":6,"l":2}},"ao":0,"hasMask":true,"masksProperties":[{"inv":false,"mode":"a","pt":{"a":0,"k":{"i":[[0,0],[0,0],[0,0],[0,0]],"o":[[0,0],[0,0],[0,0],[0,0]],"v":[[136.669,-8.131],[-17.331,-8.131],[-17.331,253.869],[136.669,253.869]],"c":true},"ix":1},"o":{"a":0,"k":100,"ix":3},"x":{"a":0,"k":0,"ix":4},"nm":"Mask 1"}],"ip":0,"op":240.0000097754,"st":0,"bm":0},{"ddd":0,"ind":2,"ty":2,"nm":"hopper 3","refId":"image_2","sr":1,"ks":{"o":{"a":1,"k":[{"i":{"x":[0.833],"y":[0.833]},"o":{"x":[0.167],"y":[0.167]},"t":3.75,"s":[0]},{"t":9.75000039712564,"s":[100]}],"ix":11},"r":{"a":1,"k":[{"i":{"x":[0],"y":[1]},"o":{"x":[0.333],"y":[0]},"t":3.75,"s":[38]},{"t":23.7500009673573,"s":[0]}],"ix":10},"p":{"a":1,"k":[{"i":{"x":0,"y":1},"o":{"x":0.333,"y":0},"t":3.75,"s":[1178,619.566,0],"to":[-12.667,0,0],"ti":[12.667,0,0]},{"t":23.7500009673573,"s":[1102,619.566,0]}],"ix":2,"l":2},"a":{"a":0,"k":[364.669,195.434,0],"ix":1,"l":2},"s":{"a":1,"k":[{"i":{"x":[0,0,0.667],"y":[1,1,1]},"o":{"x":[0.333,0.333,0.333],"y":[0,0,0]},"t":3.75,"s":[130,130,100]},{"t":23.7500009673573,"s":[100,100,100]}],"ix":6,"l":2}},"ao":0,"hasMask":true,"masksProperties":[{"inv":false,"mode":"a","pt":{"a":0,"k":{"i":[[0,0],[0,0],[0,0],[0,0]],"o":[[0,0],[0,0],[0,0],[0,0]],"v":[[450.669,89.869],[278.669,89.869],[278.669,309.869],[450.669,309.869]],"c":true},"ix":1},"o":{"a":0,"k":100,"ix":3},"x":{"a":0,"k":0,"ix":4},"nm":"Mask 1"}],"ip":3.75000015274063,"op":243.750009928141,"st":3.75000015274063,"bm":0},{"ddd":0,"ind":3,"ty":2,"nm":"hopper 4","refId":"image_2","sr":1,"ks":{"o":{"a":1,"k":[{"i":{"x":[0.833],"y":[0.833]},"o":{"x":[0.167],"y":[0.167]},"t":7.5,"s":[0]},{"t":13.5000005498663,"s":[100]}],"ix":11},"r":{"a":1,"k":[{"i":{"x":[0],"y":[1]},"o":{"x":[0.333],"y":[0]},"t":7.5,"s":[38]},{"t":27.500001120098,"s":[0]}],"ix":10},"p":{"a":1,"k":[{"i":{"x":0,"y":1},"o":{"x":0.333,"y":0},"t":7.5,"s":[1338.75,620.566,0],"to":[-12.667,0,0],"ti":[12.667,0,0]},{"t":27.500001120098,"s":[1262.75,620.566,0]}],"ix":2,"l":2},"a":{"a":0,"k":[525.419,196.434,0],"ix":1,"l":2},"s":{"a":1,"k":[{"i":{"x":[0,0,0.667],"y":[1,1,1]},"o":{"x":[0.333,0.333,0.333],"y":[0,0,0]},"t":7.5,"s":[130,130,100]},{"t":27.500001120098,"s":[100,100,100]}],"ix":6,"l":2}},"ao":0,"hasMask":true,"masksProperties":[{"inv":false,"mode":"a","pt":{"a":0,"k":{"i":[[0,0],[0,0],[0,0],[0,0]],"o":[[0,0],[0,0],[0,0],[0,0]],"v":[[606.419,91.869],[444.419,91.869],[444.419,307.869],[606.419,307.869]],"c":true},"ix":1},"o":{"a":0,"k":100,"ix":3},"x":{"a":0,"k":0,"ix":4},"nm":"Mask 1"}],"ip":7.50000030548126,"op":247.500010080882,"st":7.50000030548126,"bm":0},{"ddd":0,"ind":4,"ty":2,"nm":"hopper 5","refId":"image_2","sr":1,"ks":{"o":{"a":1,"k":[{"i":{"x":[0.833],"y":[0.833]},"o":{"x":[0.167],"y":[0.167]},"t":11.25,"s":[0]},{"t":17.2500007026069,"s":[100]}],"ix":11},"r":{"a":1,"k":[{"i":{"x":[0],"y":[1]},"o":{"x":[0.333],"y":[0]},"t":11.25,"s":[38]},{"t":31.2500012728386,"s":[0]}],"ix":10},"p":{"a":1,"k":[{"i":{"x":0,"y":1},"o":{"x":0.333,"y":0},"t":11.25,"s":[1491,603.5,0],"to":[-12.667,0,0],"ti":[12.667,0,0]},{"t":31.2500012728386,"s":[1415,603.5,0]}],"ix":2,"l":2},"a":{"a":0,"k":[677.669,179.369,0],"ix":1,"l":2},"s":{"a":1,"k":[{"i":{"x":[0,0,0.667],"y":[1,1,1]},"o":{"x":[0.333,0.333,0.333],"y":[0,0,0]},"t":11.25,"s":[130,130,100]},{"t":31.2500012728386,"s":[100,100,100]}],"ix":6,"l":2}},"ao":0,"hasMask":true,"masksProperties":[{"inv":false,"mode":"a","pt":{"a":0,"k":{"i":[[0,0],[0,0],[0,0],[0,0]],"o":[[0,0],[0,0],[0,0],[0,0]],"v":[[750.669,102.369],[604.669,102.369],[604.669,256.369],[750.669,256.369]],"c":true},"ix":1},"o":{"a":0,"k":100,"ix":3},"x":{"a":0,"k":0,"ix":4},"nm":"Mask 1"}],"ip":11.2500004582219,"op":251.250010233622,"st":11.2500004582219,"bm":0},{"ddd":0,"ind":5,"ty":2,"nm":"hopper","refId":"image_2","sr":1,"ks":{"o":{"a":1,"k":[{"i":{"x":[0.833],"y":[0.833]},"o":{"x":[0.167],"y":[0.167]},"t":15,"s":[0]},{"t":21.0000008553475,"s":[100]}],"ix":11},"r":{"a":1,"k":[{"i":{"x":[0],"y":[1]},"o":{"x":[0.333],"y":[0]},"t":15,"s":[38]},{"t":35.0000014255792,"s":[0]}],"ix":10},"p":{"a":1,"k":[{"i":{"x":0,"y":1},"o":{"x":0.333,"y":0},"t":15,"s":[1607.915,597.25,0],"to":[-12.667,0,0],"ti":[12.667,0,0]},{"t":35.0000014255792,"s":[1531.915,597.25,0]}],"ix":2,"l":2},"a":{"a":0,"k":[794.585,173.119,0],"ix":1,"l":2},"s":{"a":1,"k":[{"i":{"x":[0,0,0.667],"y":[1,1,1]},"o":{"x":[0.333,0.333,0.333],"y":[0,0,0]},"t":15,"s":[130,130,100]},{"t":35.0000014255792,"s":[100,100,100]}],"ix":6,"l":2}},"ao":0,"hasMask":true,"masksProperties":[{"inv":false,"mode":"a","pt":{"a":0,"k":{"i":[[0,0],[0,0],[0,0],[0,0]],"o":[[0,0],[0,0],[0,0],[0,0]],"v":[[839.669,100.869],[752.169,100.869],[752.169,245.369],[839.669,245.369]],"c":true},"ix":1},"o":{"a":0,"k":100,"ix":3},"x":{"a":0,"k":0,"ix":4},"nm":"Mask 1"}],"ip":15.0000006109625,"op":255.000010386363,"st":15.0000006109625,"bm":0}]},{"id":"comp_3","nm":"toll","fr":29.9700012207031,"layers":[{"ddd":0,"ind":1,"ty":4,"nm":"Shape Layer 4","sr":1,"ks":{"o":{"a":0,"k":100,"ix":11},"r":{"a":0,"k":0,"ix":10},"p":{"a":0,"k":[638,768.25,0],"ix":2,"l":2},"a":{"a":0,"k":[-576,-219.5,0],"ix":1,"l":2},"s":{"a":0,"k":[100,100,100],"ix":6,"l":2}},"ao":0,"ef":[{"ty":21,"nm":"Fill","np":9,"mn":"ADBE Fill","ix":1,"en":1,"ef":[{"ty":10,"nm":"Fill Mask","mn":"ADBE Fill-0001","ix":1,"v":{"a":0,"k":0,"ix":1}},{"ty":7,"nm":"All Masks","mn":"ADBE Fill-0007","ix":2,"v":{"a":0,"k":0,"ix":2}},{"ty":2,"nm":"Color","mn":"ADBE Fill-0002","ix":3,"v":{"a":0,"k":[0.254901975393,0.250980407,0.258823543787,1],"ix":3}},{"ty":7,"nm":"Invert","mn":"ADBE Fill-0006","ix":4,"v":{"a":0,"k":0,"ix":4}},{"ty":0,"nm":"Horizontal Feather","mn":"ADBE Fill-0003","ix":5,"v":{"a":0,"k":0,"ix":5}},{"ty":0,"nm":"Vertical Feather","mn":"ADBE Fill-0004","ix":6,"v":{"a":0,"k":0,"ix":6}},{"ty":0,"nm":"Opacity","mn":"ADBE Fill-0005","ix":7,"v":{"a":0,"k":1,"ix":7}}]}],"shapes":[{"ty":"gr","it":[{"ind":0,"ty":"sh","ix":1,"ks":{"a":0,"k":{"i":[[0,0],[0,0]],"o":[[0,0],[0,0]],"v":[[-576,124],[-576,-563]],"c":false},"ix":2},"nm":"Path 1","mn":"ADBE Vector Shape - Group","hd":false},{"ty":"st","c":{"a":0,"k":[1,1,1,1],"ix":3},"o":{"a":0,"k":100,"ix":4},"w":{"a":0,"k":30,"ix":5},"lc":1,"lj":1,"ml":4,"bm":0,"nm":"Stroke 1","mn":"ADBE Vector Graphic - Stroke","hd":false},{"ty":"tr","p":{"a":0,"k":[0,0],"ix":2},"a":{"a":0,"k":[0,0],"ix":1},"s":{"a":0,"k":[100,100],"ix":3},"r":{"a":0,"k":0,"ix":6},"o":{"a":0,"k":100,"ix":7},"sk":{"a":0,"k":0,"ix":4},"sa":{"a":0,"k":0,"ix":5},"nm":"Transform"}],"nm":"Shape 1","np":3,"cix":2,"bm":0,"ix":1,"mn":"ADBE Vector Group","hd":false},{"ty":"tm","s":{"a":1,"k":[{"i":{"x":[0.667],"y":[1]},"o":{"x":[1],"y":[0]},"t":30,"s":[0]},{"t":45.0000018328876,"s":[100]}],"ix":1},"e":{"a":1,"k":[{"i":{"x":[0],"y":[1]},"o":{"x":[0.333],"y":[0]},"t":15,"s":[0]},{"t":30.0000012219251,"s":[100]}],"ix":2},"o":{"a":0,"k":0,"ix":3},"m":1,"ix":2,"nm":"Trim Paths 1","mn":"ADBE Vector Filter - Trim","hd":false}],"ip":15.0000006109625,"op":255.000010386363,"st":15.0000006109625,"bm":0},{"ddd":0,"ind":2,"ty":4,"nm":"Shape Layer 3","sr":1,"ks":{"o":{"a":0,"k":100,"ix":11},"r":{"a":0,"k":0,"ix":10},"p":{"a":0,"k":[590,320.25,0],"ix":2,"l":2},"a":{"a":0,"k":[-576,-219.5,0],"ix":1,"l":2},"s":{"a":0,"k":[100,100,100],"ix":6,"l":2}},"ao":0,"ef":[{"ty":21,"nm":"Fill","np":9,"mn":"ADBE Fill","ix":1,"en":1,"ef":[{"ty":10,"nm":"Fill Mask","mn":"ADBE Fill-0001","ix":1,"v":{"a":0,"k":0,"ix":1}},{"ty":7,"nm":"All Masks","mn":"ADBE Fill-0007","ix":2,"v":{"a":0,"k":0,"ix":2}},{"ty":2,"nm":"Color","mn":"ADBE Fill-0002","ix":3,"v":{"a":0,"k":[0.254901975393,0.250980407,0.258823543787,1],"ix":3}},{"ty":7,"nm":"Invert","mn":"ADBE Fill-0006","ix":4,"v":{"a":0,"k":0,"ix":4}},{"ty":0,"nm":"Horizontal Feather","mn":"ADBE Fill-0003","ix":5,"v":{"a":0,"k":0,"ix":5}},{"ty":0,"nm":"Vertical Feather","mn":"ADBE Fill-0004","ix":6,"v":{"a":0,"k":0,"ix":6}},{"ty":0,"nm":"Opacity","mn":"ADBE Fill-0005","ix":7,"v":{"a":0,"k":1,"ix":7}}]}],"shapes":[{"ty":"gr","it":[{"ind":0,"ty":"sh","ix":1,"ks":{"a":0,"k":{"i":[[0,0],[0,0]],"o":[[0,0],[0,0]],"v":[[-576,124],[-576,-563]],"c":false},"ix":2},"nm":"Path 1","mn":"ADBE Vector Shape - Group","hd":false},{"ty":"st","c":{"a":0,"k":[1,1,1,1],"ix":3},"o":{"a":0,"k":100,"ix":4},"w":{"a":0,"k":30,"ix":5},"lc":1,"lj":1,"ml":4,"bm":0,"nm":"Stroke 1","mn":"ADBE Vector Graphic - Stroke","hd":false},{"ty":"tr","p":{"a":0,"k":[0,0],"ix":2},"a":{"a":0,"k":[0,0],"ix":1},"s":{"a":0,"k":[100,100],"ix":3},"r":{"a":0,"k":0,"ix":6},"o":{"a":0,"k":100,"ix":7},"sk":{"a":0,"k":0,"ix":4},"sa":{"a":0,"k":0,"ix":5},"nm":"Transform"}],"nm":"Shape 1","np":3,"cix":2,"bm":0,"ix":1,"mn":"ADBE Vector Group","hd":false},{"ty":"tm","s":{"a":1,"k":[{"i":{"x":[0],"y":[1]},"o":{"x":[0.333],"y":[0]},"t":10,"s":[100]},{"t":25.0000010182709,"s":[0]}],"ix":1},"e":{"a":1,"k":[{"i":{"x":[0.667],"y":[1]},"o":{"x":[1],"y":[0]},"t":25,"s":[100]},{"t":40.0000016292334,"s":[0]}],"ix":2},"o":{"a":0,"k":0,"ix":3},"m":1,"ix":2,"nm":"Trim Paths 1","mn":"ADBE Vector Filter - Trim","hd":false}],"ip":10.0000004073083,"op":250.000010182709,"st":10.0000004073083,"bm":0},{"ddd":0,"ind":3,"ty":4,"nm":"Shape Layer 2","sr":1,"ks":{"o":{"a":0,"k":100,"ix":11},"r":{"a":0,"k":0,"ix":10},"p":{"a":0,"k":[384.75,320.5,0],"ix":2,"l":2},"a":{"a":0,"k":[-576,-219.5,0],"ix":1,"l":2},"s":{"a":0,"k":[100,100,100],"ix":6,"l":2}},"ao":0,"ef":[{"ty":21,"nm":"Fill","np":9,"mn":"ADBE Fill","ix":1,"en":1,"ef":[{"ty":10,"nm":"Fill Mask","mn":"ADBE Fill-0001","ix":1,"v":{"a":0,"k":0,"ix":1}},{"ty":7,"nm":"All Masks","mn":"ADBE Fill-0007","ix":2,"v":{"a":0,"k":0,"ix":2}},{"ty":2,"nm":"Color","mn":"ADBE Fill-0002","ix":3,"v":{"a":0,"k":[0.254901975393,0.250980407,0.258823543787,1],"ix":3}},{"ty":7,"nm":"Invert","mn":"ADBE Fill-0006","ix":4,"v":{"a":0,"k":0,"ix":4}},{"ty":0,"nm":"Horizontal Feather","mn":"ADBE Fill-0003","ix":5,"v":{"a":0,"k":0,"ix":5}},{"ty":0,"nm":"Vertical Feather","mn":"ADBE Fill-0004","ix":6,"v":{"a":0,"k":0,"ix":6}},{"ty":0,"nm":"Opacity","mn":"ADBE Fill-0005","ix":7,"v":{"a":0,"k":1,"ix":7}}]}],"shapes":[{"ty":"gr","it":[{"ind":0,"ty":"sh","ix":1,"ks":{"a":0,"k":{"i":[[0,0],[0,0]],"o":[[0,0],[0,0]],"v":[[-576,124],[-576,-563]],"c":false},"ix":2},"nm":"Path 1","mn":"ADBE Vector Shape - Group","hd":false},{"ty":"st","c":{"a":0,"k":[1,1,1,1],"ix":3},"o":{"a":0,"k":100,"ix":4},"w":{"a":0,"k":30,"ix":5},"lc":1,"lj":1,"ml":4,"bm":0,"nm":"Stroke 1","mn":"ADBE Vector Graphic - Stroke","hd":false},{"ty":"tr","p":{"a":0,"k":[0,0],"ix":2},"a":{"a":0,"k":[0,0],"ix":1},"s":{"a":0,"k":[100,100],"ix":3},"r":{"a":0,"k":0,"ix":6},"o":{"a":0,"k":100,"ix":7},"sk":{"a":0,"k":0,"ix":4},"sa":{"a":0,"k":0,"ix":5},"nm":"Transform"}],"nm":"Shape 1","np":3,"cix":2,"bm":0,"ix":1,"mn":"ADBE Vector Group","hd":false},{"ty":"tm","s":{"a":1,"k":[{"i":{"x":[0],"y":[1]},"o":{"x":[0.333],"y":[0]},"t":5,"s":[100]},{"t":20.0000008146167,"s":[0]}],"ix":1},"e":{"a":1,"k":[{"i":{"x":[0.667],"y":[1]},"o":{"x":[1],"y":[0]},"t":20,"s":[100]},{"t":35.0000014255792,"s":[0]}],"ix":2},"o":{"a":0,"k":0,"ix":3},"m":1,"ix":2,"nm":"Trim Paths 1","mn":"ADBE Vector Filter - Trim","hd":false}],"ip":5.00000020365417,"op":245.000009979055,"st":5.00000020365417,"bm":0},{"ddd":0,"ind":4,"ty":4,"nm":"Shape Layer 1","sr":1,"ks":{"o":{"a":0,"k":100,"ix":11},"r":{"a":0,"k":0,"ix":10},"p":{"a":0,"k":[198,548.75,0],"ix":2,"l":2},"a":{"a":0,"k":[-762,9,0],"ix":1,"l":2},"s":{"a":0,"k":[100,100,100],"ix":6,"l":2}},"ao":0,"ef":[{"ty":21,"nm":"Fill","np":9,"mn":"ADBE Fill","ix":1,"en":1,"ef":[{"ty":10,"nm":"Fill Mask","mn":"ADBE Fill-0001","ix":1,"v":{"a":0,"k":0,"ix":1}},{"ty":7,"nm":"All Masks","mn":"ADBE Fill-0007","ix":2,"v":{"a":0,"k":0,"ix":2}},{"ty":2,"nm":"Color","mn":"ADBE Fill-0002","ix":3,"v":{"a":0,"k":[0.254901975393,0.250980407,0.258823543787,1],"ix":3}},{"ty":7,"nm":"Invert","mn":"ADBE Fill-0006","ix":4,"v":{"a":0,"k":0,"ix":4}},{"ty":0,"nm":"Horizontal Feather","mn":"ADBE Fill-0003","ix":5,"v":{"a":0,"k":0,"ix":5}},{"ty":0,"nm":"Vertical Feather","mn":"ADBE Fill-0004","ix":6,"v":{"a":0,"k":0,"ix":6}},{"ty":0,"nm":"Opacity","mn":"ADBE Fill-0005","ix":7,"v":{"a":0,"k":1,"ix":7}}]}],"shapes":[{"ty":"gr","it":[{"ind":0,"ty":"sh","ix":1,"ks":{"a":0,"k":{"i":[[0,0],[0,0]],"o":[[0,0],[0,0]],"v":[[-525,9],[-999,9]],"c":false},"ix":2},"nm":"Path 1","mn":"ADBE Vector Shape - Group","hd":false},{"ty":"st","c":{"a":0,"k":[1,1,1,1],"ix":3},"o":{"a":0,"k":100,"ix":4},"w":{"a":0,"k":24,"ix":5},"lc":1,"lj":1,"ml":4,"bm":0,"nm":"Stroke 1","mn":"ADBE Vector Graphic - Stroke","hd":false},{"ty":"tr","p":{"a":0,"k":[0,0],"ix":2},"a":{"a":0,"k":[0,0],"ix":1},"s":{"a":0,"k":[100,100],"ix":3},"r":{"a":0,"k":0,"ix":6},"o":{"a":0,"k":100,"ix":7},"sk":{"a":0,"k":0,"ix":4},"sa":{"a":0,"k":0,"ix":5},"nm":"Transform"}],"nm":"Shape 1","np":3,"cix":2,"bm":0,"ix":1,"mn":"ADBE Vector Group","hd":false},{"ty":"tm","s":{"a":0,"k":0,"ix":1},"e":{"a":0,"k":100,"ix":2},"o":{"a":0,"k":0,"ix":3},"m":1,"ix":2,"nm":"Trim Paths 1","mn":"ADBE Vector Filter - Trim","hd":false},{"ty":"tm","s":{"a":1,"k":[{"i":{"x":[0],"y":[1]},"o":{"x":[0.333],"y":[0]},"t":0,"s":[100]},{"t":15.0000006109625,"s":[0]}],"ix":1},"e":{"a":1,"k":[{"i":{"x":[0.667],"y":[1]},"o":{"x":[1],"y":[0]},"t":15,"s":[100]},{"t":30.0000012219251,"s":[0]}],"ix":2},"o":{"a":0,"k":0,"ix":3},"m":1,"ix":3,"nm":"Trim Paths 2","mn":"ADBE Vector Filter - Trim","hd":false}],"ip":0,"op":240.0000097754,"st":0,"bm":0},{"ddd":0,"ind":5,"ty":2,"nm":"toll 2","refId":"image_3","sr":1,"ks":{"o":{"a":0,"k":100,"ix":11},"r":{"a":0,"k":0,"ix":10},"p":{"a":0,"k":[394,563.065,0],"ix":2,"l":2},"a":{"a":0,"k":[47.375,138.935,0],"ix":1,"l":2},"s":{"a":0,"k":[100,100,100],"ix":6,"l":2}},"ao":0,"hasMask":true,"masksProperties":[{"inv":false,"mode":"a","pt":{"a":0,"k":{"i":[[11.5,2.5],[0,0],[0,0],[0,0],[0,0],[0,0],[-1.25,5.75],[4.625,4]],"o":[[-11.5,-2.5],[0,0],[0,0],[0,0],[0,0],[0,0],[1.25,-5.75],[-4.625,-4]],"v":[[56.376,37.369],[-20.624,42.369],[-11.624,264.869],[66.876,254.369],[70.876,151.369],[85.876,139.369],[93.501,128.244],[89.501,106.119]],"c":true},"ix":1},"o":{"a":0,"k":100,"ix":3},"x":{"a":0,"k":0,"ix":4},"nm":"Mask 1"}],"ip":15.0000006109625,"op":255.000010386363,"st":15.0000006109625,"bm":0},{"ddd":0,"ind":6,"ty":0,"nm":"O comp","refId":"comp_4","sr":1,"ks":{"o":{"a":0,"k":100,"ix":11},"r":{"a":0,"k":0,"ix":10},"p":{"a":0,"k":[960,540,0],"ix":2,"l":2},"a":{"a":0,"k":[960,540,0],"ix":1,"l":2},"s":{"a":0,"k":[100,100,100],"ix":6,"l":2}},"ao":0,"hasMask":true,"masksProperties":[{"inv":false,"mode":"n","pt":{"a":0,"k":{"i":[[0,0],[1,-58],[-11,0],[0,40.5],[0,0]],"o":[[0,0],[-0.5,45.5],[11,0],[-3,-48.5],[0,0]],"v":[[498.5,542.5],[440.5,603],[497.5,656.5],[554,600.5],[507,543]],"c":false},"ix":1},"o":{"a":0,"k":100,"ix":3},"x":{"a":0,"k":0,"ix":4},"nm":"Mask 1"}],"ef":[{"ty":22,"nm":"Stroke","np":13,"mn":"ADBE Stroke","ix":1,"en":1,"ef":[{"ty":10,"nm":"Path","mn":"ADBE Stroke-0001","ix":1,"v":{"a":0,"k":0,"ix":1}},{"ty":7,"nm":"All Masks","mn":"ADBE Stroke-0010","ix":2,"v":{"a":0,"k":1,"ix":2}},{"ty":7,"nm":"Stroke Sequentially","mn":"ADBE Stroke-0011","ix":3,"v":{"a":0,"k":1,"ix":3}},{"ty":2,"nm":"Color","mn":"ADBE Stroke-0002","ix":4,"v":{"a":0,"k":[0.917647063732,0,0,1],"ix":4}},{"ty":0,"nm":"Brush Size","mn":"ADBE Stroke-0003","ix":5,"v":{"a":0,"k":19.8,"ix":5}},{"ty":0,"nm":"Brush Hardness","mn":"ADBE Stroke-0004","ix":6,"v":{"a":0,"k":0.95,"ix":6}},{"ty":0,"nm":"Opacity","mn":"ADBE Stroke-0005","ix":7,"v":{"a":0,"k":1,"ix":7}},{"ty":0,"nm":"Start","mn":"ADBE Stroke-0008","ix":8,"v":{"a":0,"k":0,"ix":8}},{"ty":0,"nm":"End","mn":"ADBE Stroke-0009","ix":9,"v":{"a":1,"k":[{"i":{"x":[0.244],"y":[1]},"o":{"x":[0.333],"y":[0]},"t":2,"s":[0]},{"t":27.0000010997325,"s":[100]}],"ix":9}},{"ty":7,"nm":"Spacing","mn":"ADBE Stroke-0006","ix":10,"v":{"a":0,"k":15,"ix":10}},{"ty":7,"nm":"Paint Style","mn":"ADBE Stroke-0007","ix":11,"v":{"a":0,"k":3,"ix":11}}]}],"w":1920,"h":1080,"ip":2.00000008146167,"op":242.000009856862,"st":2.00000008146167,"bm":0},{"ddd":0,"ind":7,"ty":0,"nm":"O comp","refId":"comp_4","sr":1,"ks":{"o":{"a":0,"k":100,"ix":11},"r":{"a":0,"k":0,"ix":10},"p":{"a":0,"k":[960,540,0],"ix":2,"l":2},"a":{"a":0,"k":[960,540,0],"ix":1,"l":2},"s":{"a":0,"k":[100,100,100],"ix":6,"l":2}},"ao":0,"hasMask":true,"masksProperties":[{"inv":false,"mode":"n","pt":{"a":0,"k":{"i":[[0,0],[1,-58],[-11,0],[0,40.5],[0,0]],"o":[[0,0],[-0.5,45.5],[11,0],[-3,-48.5],[0,0]],"v":[[498.5,542.5],[440.5,603],[497.5,656.5],[554,600.5],[507,543]],"c":false},"ix":1},"o":{"a":0,"k":100,"ix":3},"x":{"a":0,"k":0,"ix":4},"nm":"Mask 1"}],"ef":[{"ty":22,"nm":"Stroke","np":13,"mn":"ADBE Stroke","ix":1,"en":1,"ef":[{"ty":10,"nm":"Path","mn":"ADBE Stroke-0001","ix":1,"v":{"a":0,"k":0,"ix":1}},{"ty":7,"nm":"All Masks","mn":"ADBE Stroke-0010","ix":2,"v":{"a":0,"k":1,"ix":2}},{"ty":7,"nm":"Stroke Sequentially","mn":"ADBE Stroke-0011","ix":3,"v":{"a":0,"k":1,"ix":3}},{"ty":2,"nm":"Color","mn":"ADBE Stroke-0002","ix":4,"v":{"a":0,"k":[0.917647063732,0,0,1],"ix":4}},{"ty":0,"nm":"Brush Size","mn":"ADBE Stroke-0003","ix":5,"v":{"a":0,"k":19.8,"ix":5}},{"ty":0,"nm":"Brush Hardness","mn":"ADBE Stroke-0004","ix":6,"v":{"a":0,"k":0.95,"ix":6}},{"ty":0,"nm":"Opacity","mn":"ADBE Stroke-0005","ix":7,"v":{"a":0,"k":1,"ix":7}},{"ty":0,"nm":"Start","mn":"ADBE Stroke-0008","ix":8,"v":{"a":0,"k":0,"ix":8}},{"ty":0,"nm":"End","mn":"ADBE Stroke-0009","ix":9,"v":{"a":1,"k":[{"i":{"x":[0.244],"y":[1]},"o":{"x":[0.333],"y":[0]},"t":0,"s":[0]},{"t":25.0000010182709,"s":[100]}],"ix":9}},{"ty":7,"nm":"Spacing","mn":"ADBE Stroke-0006","ix":10,"v":{"a":0,"k":15,"ix":10}},{"ty":7,"nm":"Paint Style","mn":"ADBE Stroke-0007","ix":11,"v":{"a":0,"k":3,"ix":11}}]},{"ty":21,"nm":"Fill","np":9,"mn":"ADBE Fill","ix":2,"en":1,"ef":[{"ty":10,"nm":"Fill Mask","mn":"ADBE Fill-0001","ix":1,"v":{"a":0,"k":0,"ix":1}},{"ty":7,"nm":"All Masks","mn":"ADBE Fill-0007","ix":2,"v":{"a":0,"k":0,"ix":2}},{"ty":2,"nm":"Color","mn":"ADBE Fill-0002","ix":3,"v":{"a":0,"k":[0.580392181873,0.84705889225,1,1],"ix":3}},{"ty":7,"nm":"Invert","mn":"ADBE Fill-0006","ix":4,"v":{"a":0,"k":0,"ix":4}},{"ty":0,"nm":"Horizontal Feather","mn":"ADBE Fill-0003","ix":5,"v":{"a":0,"k":0,"ix":5}},{"ty":0,"nm":"Vertical Feather","mn":"ADBE Fill-0004","ix":6,"v":{"a":0,"k":0,"ix":6}},{"ty":0,"nm":"Opacity","mn":"ADBE Fill-0005","ix":7,"v":{"a":0,"k":1,"ix":7}}]},{"ty":5,"nm":"Simple Choker","np":4,"mn":"ADBE Simple Choker","ix":3,"en":1,"ef":[{"ty":7,"nm":"View","mn":"ADBE Simple Choker-0001","ix":1,"v":{"a":0,"k":1,"ix":1}},{"ty":0,"nm":"Choke Matte","mn":"ADBE Simple Choker-0002","ix":2,"v":{"a":0,"k":1.5,"ix":2}}]}],"w":1920,"h":1080,"ip":0,"op":240.0000097754,"st":0,"bm":0},{"ddd":0,"ind":8,"ty":2,"nm":"toll 4","refId":"image_3","sr":1,"ks":{"o":{"a":0,"k":100,"ix":11},"r":{"a":0,"k":0,"ix":10},"p":{"a":0,"k":[590.75,662.315,0],"ix":2,"l":2},"a":{"a":0,"k":[244.126,238.185,0],"ix":1,"l":2},"s":{"a":1,"k":[{"i":{"x":[0.833,0.833,0.833],"y":[0.833,0.833,0.833]},"o":{"x":[0.167,0.167,0.167],"y":[0.167,0.167,0.167]},"t":37,"s":[100,0,100]},{"t":42.0000017106951,"s":[100,100,100]}],"ix":6,"l":2,"x":"var $bm_rt;\nvar disableElastic, ampVar, freqVar, decayVar;\ntry {\n    disableElastic = effect('Elastic')('Disable Elastic').value;\n    ampVar = $bm_div(effect('Elastic')('Amplitude').value, 1000);\n    freqVar = effect('Elastic')('Frequency').value;\n    decayVar = effect('Elastic')('Decay').value;\n    function elastic(amp, freq, decay) {\n        var n, t, v;\n        n = 0;\n        if (numKeys > 0) {\n            n = nearestKey(time).index;\n            if (key(n).time > time) {\n                n--;\n            }\n        }\n        if (n == 0) {\n            t = 0;\n        } else {\n            t = $bm_sub(time, key(n).time);\n        }\n        if (n > 0 && t < 1) {\n            v = velocityAtTime($bm_sub(key(n).time, $bm_div(thisComp.frameDuration, 10)));\n            return $bm_sum(value, $bm_div($bm_mul($bm_mul(v, amp), Math.sin($bm_mul($bm_mul($bm_mul(freq, t), 2), Math.PI))), Math.exp($bm_mul(decay, t))));\n        } else {\n            return value;\n        }\n    }\n    ;\n    $bm_rt = [\n        elastic(ampVar, freqVar, decayVar),\n        value\n    ][disableElastic];\n} catch (err) {\n    $bm_rt = value;\n}\n;"}},"ao":0,"hasMask":true,"masksProperties":[{"inv":false,"mode":"a","pt":{"a":0,"k":{"i":[[0,0],[0,0],[0,0],[0,0]],"o":[[0,0],[0,0],[0,0],[0,0]],"v":[[263.376,-3.631],[224.876,-3.631],[224.876,242.369],[263.376,242.369]],"c":true},"ix":1},"o":{"a":0,"k":100,"ix":3},"x":{"a":0,"k":0,"ix":4},"nm":"Mask 1"}],"ef":[{"ty":5,"nm":"Elastic","np":10,"mn":"Pseudo/SB_Elastic_1.0","ix":1,"en":1,"ef":[{"ty":7,"nm":"Disable Elastic","mn":"Pseudo/SB_Elastic_1.0-0001","ix":1,"v":{"a":0,"k":0,"ix":1}},{"ty":0,"nm":"Amplitude","mn":"Pseudo/SB_Elastic_1.0-0002","ix":2,"v":{"a":0,"k":50,"ix":2}},{"ty":0,"nm":"Frequency","mn":"Pseudo/SB_Elastic_1.0-0003","ix":3,"v":{"a":0,"k":2,"ix":3}},{"ty":0,"nm":"Decay","mn":"Pseudo/SB_Elastic_1.0-0004","ix":4,"v":{"a":0,"k":4,"ix":4}},{"ty":6,"nm":"Smart Bounce 1.0","mn":"Pseudo/SB_Elastic_1.0-0005","ix":5,"v":0},{"ty":6,"nm":"Elastic","mn":"Pseudo/SB_Elastic_1.0-0006","ix":6,"v":0},{"ty":6,"nm":"©2021 Ukramedia","mn":"Pseudo/SB_Elastic_1.0-0007","ix":7,"v":0},{"ty":6,"nm":"Elastic","mn":"Pseudo/SB_Elastic_1.0-0008","ix":8,"v":0}]}],"ip":37.0000015070409,"op":277.000011282441,"st":37.0000015070409,"bm":0},{"ddd":0,"ind":9,"ty":2,"nm":"toll","refId":"image_3","sr":1,"ks":{"o":{"a":0,"k":100,"ix":11},"r":{"a":0,"k":0,"ix":10},"p":{"a":0,"k":[635.562,424.631,0],"ix":2,"l":2},"a":{"a":0,"k":[288.938,0.5,0],"ix":1,"l":2},"s":{"a":1,"k":[{"i":{"x":[0.833,0.833,0.833],"y":[0.833,0.833,0.833]},"o":{"x":[0.167,0.167,0.167],"y":[0.167,0.167,0.167]},"t":42,"s":[100,0,100]},{"t":47.0000019143492,"s":[100,100,100]}],"ix":6,"l":2,"x":"var $bm_rt;\nvar disableElastic, ampVar, freqVar, decayVar;\ntry {\n    disableElastic = effect('Elastic')('Disable Elastic').value;\n    ampVar = $bm_div(effect('Elastic')('Amplitude').value, 1000);\n    freqVar = effect('Elastic')('Frequency').value;\n    decayVar = effect('Elastic')('Decay').value;\n    function elastic(amp, freq, decay) {\n        var n, t, v;\n        n = 0;\n        if (numKeys > 0) {\n            n = nearestKey(time).index;\n            if (key(n).time > time) {\n                n--;\n            }\n        }\n        if (n == 0) {\n            t = 0;\n        } else {\n            t = $bm_sub(time, key(n).time);\n        }\n        if (n > 0 && t < 1) {\n            v = velocityAtTime($bm_sub(key(n).time, $bm_div(thisComp.frameDuration, 10)));\n            return $bm_sum(value, $bm_div($bm_mul($bm_mul(v, amp), Math.sin($bm_mul($bm_mul($bm_mul(freq, t), 2), Math.PI))), Math.exp($bm_mul(decay, t))));\n        } else {\n            return value;\n        }\n    }\n    ;\n    $bm_rt = [\n        elastic(ampVar, freqVar, decayVar),\n        value\n    ][disableElastic];\n} catch (err) {\n    $bm_rt = value;\n}\n;"}},"ao":0,"hasMask":true,"masksProperties":[{"inv":false,"mode":"a","pt":{"a":0,"k":{"i":[[0,0],[0,0],[0,0],[0,0]],"o":[[0,0],[0,0],[0,0],[0,0]],"v":[[309.876,-5.631],[271.876,-5.631],[271.876,243.369],[309.876,243.369]],"c":true},"ix":1},"o":{"a":0,"k":100,"ix":3},"x":{"a":0,"k":0,"ix":4},"nm":"Mask 1"}],"ef":[{"ty":5,"nm":"Elastic","np":10,"mn":"Pseudo/SB_Elastic_1.0","ix":1,"en":1,"ef":[{"ty":7,"nm":"Disable Elastic","mn":"Pseudo/SB_Elastic_1.0-0001","ix":1,"v":{"a":0,"k":0,"ix":1}},{"ty":0,"nm":"Amplitude","mn":"Pseudo/SB_Elastic_1.0-0002","ix":2,"v":{"a":0,"k":50,"ix":2}},{"ty":0,"nm":"Frequency","mn":"Pseudo/SB_Elastic_1.0-0003","ix":3,"v":{"a":0,"k":2,"ix":3}},{"ty":0,"nm":"Decay","mn":"Pseudo/SB_Elastic_1.0-0004","ix":4,"v":{"a":0,"k":4,"ix":4}},{"ty":6,"nm":"Smart Bounce 1.0","mn":"Pseudo/SB_Elastic_1.0-0005","ix":5,"v":0},{"ty":6,"nm":"Elastic","mn":"Pseudo/SB_Elastic_1.0-0006","ix":6,"v":0},{"ty":6,"nm":"©2021 Ukramedia","mn":"Pseudo/SB_Elastic_1.0-0007","ix":7,"v":0},{"ty":6,"nm":"Elastic","mn":"Pseudo/SB_Elastic_1.0-0008","ix":8,"v":0}]}],"ip":42.0000017106951,"op":282.000011486096,"st":42.0000017106951,"bm":0}]},{"id":"comp_4","nm":"O comp","fr":29.9700012207031,"layers":[{"ddd":0,"ind":1,"ty":2,"nm":"toll 3","refId":"image_3","sr":1,"ks":{"o":{"a":0,"k":100,"ix":11},"r":{"a":0,"k":0,"ix":10},"p":{"a":0,"k":[491.125,594.815,0],"ix":2,"l":2},"a":{"a":0,"k":[144.501,170.685,0],"ix":1,"l":2},"s":{"a":0,"k":[100,100,100],"ix":6,"l":2}},"ao":0,"hasMask":true,"masksProperties":[{"inv":false,"mode":"a","pt":{"a":0,"k":{"i":[[0,0],[13,-63],[-19.25,1],[-2.5,36.5],[25.25,12]],"o":[[0,0],[-13,63],[19.25,-1],[2.5,-36.5],[-25.25,-12]],"v":[[151.376,100.869],[74.876,167.869],[146.876,252.619],[224.626,198.619],[200.126,110.369]],"c":true},"ix":1},"o":{"a":0,"k":100,"ix":3},"x":{"a":0,"k":0,"ix":4},"nm":"Mask 1"}],"ip":0,"op":240.0000097754,"st":0,"bm":0}]}],"layers":[{"ddd":0,"ind":1,"ty":0,"nm":"Dots","refId":"comp_0","sr":1,"ks":{"o":{"a":0,"k":100,"ix":11},"r":{"a":0,"k":0,"ix":10},"p":{"a":0,"k":[960,540,0],"ix":2,"l":2},"a":{"a":0,"k":[960,540,0],"ix":1,"l":2},"s":{"a":0,"k":[100,100,100],"ix":6,"l":2}},"ao":0,"w":1920,"h":1080,"ip":85.000003462121,"op":325.000013237521,"st":85.000003462121,"bm":0},{"ddd":0,"ind":2,"ty":0,"nm":"O","refId":"comp_1","sr":1,"ks":{"o":{"a":0,"k":100,"ix":11},"r":{"a":0,"k":0,"ix":10},"p":{"a":0,"k":[960,540,0],"ix":2,"l":2},"a":{"a":0,"k":[960,540,0],"ix":1,"l":2},"s":{"a":0,"k":[100,100,100],"ix":6,"l":2}},"ao":0,"w":1920,"h":1080,"ip":69.0000028104276,"op":309.000012585828,"st":69.0000028104276,"bm":0},{"ddd":0,"ind":3,"ty":0,"nm":"hopper","refId":"comp_2","sr":1,"ks":{"o":{"a":0,"k":100,"ix":11},"r":{"a":0,"k":0,"ix":10},"p":{"a":0,"k":[960,540,0],"ix":2,"l":2},"a":{"a":0,"k":[960,540,0],"ix":1,"l":2},"s":{"a":0,"k":[100,100,100],"ix":6,"l":2}},"ao":0,"w":1920,"h":1080,"ip":58.0000023623884,"op":298.000012137789,"st":58.0000023623884,"bm":0},{"ddd":0,"ind":4,"ty":0,"nm":"hopper","refId":"comp_2","sr":1,"ks":{"o":{"a":0,"k":100,"ix":11},"r":{"a":0,"k":0,"ix":10},"p":{"a":0,"k":[960,540,0],"ix":2,"l":2},"a":{"a":0,"k":[960,540,0],"ix":1,"l":2},"s":{"a":0,"k":[100,100,100],"ix":6,"l":2}},"ao":0,"ef":[{"ty":21,"nm":"Fill","np":9,"mn":"ADBE Fill","ix":1,"en":1,"ef":[{"ty":10,"nm":"Fill Mask","mn":"ADBE Fill-0001","ix":1,"v":{"a":0,"k":0,"ix":1}},{"ty":7,"nm":"All Masks","mn":"ADBE Fill-0007","ix":2,"v":{"a":0,"k":0,"ix":2}},{"ty":2,"nm":"Color","mn":"ADBE Fill-0002","ix":3,"v":{"a":0,"k":[0.580392181873,0.84705889225,1,1],"ix":3}},{"ty":7,"nm":"Invert","mn":"ADBE Fill-0006","ix":4,"v":{"a":0,"k":0,"ix":4}},{"ty":0,"nm":"Horizontal Feather","mn":"ADBE Fill-0003","ix":5,"v":{"a":0,"k":0,"ix":5}},{"ty":0,"nm":"Vertical Feather","mn":"ADBE Fill-0004","ix":6,"v":{"a":0,"k":0,"ix":6}},{"ty":0,"nm":"Opacity","mn":"ADBE Fill-0005","ix":7,"v":{"a":0,"k":1,"ix":7}}]},{"ty":5,"nm":"Simple Choker","np":4,"mn":"ADBE Simple Choker","ix":2,"en":1,"ef":[{"ty":7,"nm":"View","mn":"ADBE Simple Choker-0001","ix":1,"v":{"a":0,"k":1,"ix":1}},{"ty":0,"nm":"Choke Matte","mn":"ADBE Simple Choker-0002","ix":2,"v":{"a":0,"k":1.5,"ix":2}}]}],"w":1920,"h":1080,"ip":55.0000022401959,"op":295.000012015596,"st":55.0000022401959,"bm":0},{"ddd":0,"ind":5,"ty":0,"nm":"toll","refId":"comp_3","sr":1,"ks":{"o":{"a":0,"k":100,"ix":11},"r":{"a":0,"k":0,"ix":10},"p":{"a":1,"k":[{"i":{"x":0.038,"y":1},"o":{"x":0.333,"y":0},"t":50,"s":[1236,540,0],"to":[-46,0,0],"ti":[46,0,0]},{"t":74.0000030140818,"s":[960,540,0]}],"ix":2,"l":2},"a":{"a":0,"k":[960,540,0],"ix":1,"l":2},"s":{"a":1,"k":[{"i":{"x":[0.038,0.038,0.667],"y":[1,1,1]},"o":{"x":[0.333,0.333,0.333],"y":[0,0,0]},"t":50,"s":[130,130,100]},{"t":74.0000030140818,"s":[100,100,100]}],"ix":6,"l":2}},"ao":0,"w":1920,"h":1080,"ip":5.00000020365417,"op":245.000009979055,"st":5.00000020365417,"bm":0}],"markers":[]}